Kamp;Række;Kategori;Nr1;Navn1;Nr2;Navn2;Resultat;Vinder;
"1";"U15 A";"MD";"3";"Ayan Bhart (Hadsel) / Victoria Smestadmoen (Sandefjord)";"4";"Anne-Liv Lie / Dusan Nicolik (Sotra)";"21/16 21/14";"4";
"2";"U15 A";"MD";"5";"Ronja H. Thorstensen (Moss) / Viktor P. Nordberg (Sandefjord)";"6";"Anna Øihusom / Eivind Teigen (Pillarguri)";"21/16 21/12";"5";
"3";"U15 A";"MD";"9";"Jonas Tønnesen (Kristiansand) / Rakel Gundersen (Sandefjord)";"10";"Stine Jensen / Anders Olsen (Kristiansand)";"21/19 21/16";"9";
"4";"U15 A";"MD";"11";"Ingeborg Krogsæter (Karmøy) / Sindre Sjømark (Trondheim)";"12";"Ina Stenkjær / Danila Gataullin (Leksvik)";"21/16 21/19";"12";
"5";"U15 A";"MD";"15";"Malin Holdbakk (Klæbu) / Morten Andre Skånøy Søraas (Rissa)";"16";"Christoffer Ripegutu / Emma Wåland (Kristiansand)";"21/19 21/7";"16";
"6";"U15 A";"MD";"17";"Silje Lindseth / Heine Økland (Sotra)";"18";"Marie Christensen (Frogner) / Matius Wijaya (Moss)";"21/5 21/7";"18";
"7";"U15 A";"MD";"20";"Olve Nes Kløvning / Julia Louis Macsali (Bergen)";"21";"Markus Vegusdal / Thea Tønnesen (Kristiansand)";"23/21 16/21 21/18";"21";
"8";"U15 A";"MD";"22";"Frida Sotnes Hamang (Bærum) / Toheed Ahmed Saeed (Haugerud)";"23";"Ingvild Håland (Herøy) / Mikal Melhus Tøsse (Stavanger)";"21/7 21/4";"22";
"9";"U15 A";"MD";"24";"Helle Sofie Sagøy (Klæbu) / Even Langås Kvam (Orkanger)";"25";"Ida Høyland W. (Haugesund) / Erlend Kruksve (Leksvik)";"21/18 21/14";"25";
"10";"U15 A";"MD";"26";"Ådne Strøm (Kolvereid) / Ingrid Olsen (Norborg)";"27";"Henny Lyfjell (Frogner) / Sivert Nordfjæren (Pillarguri)";"21/17 21/13";"27";
"11";"U15 A";"MD";"28";"Elise Solheim / Brage Hinberg Olsen (Pillarguri)";"29";"Andrea Løvold (Klæbu) / Håkon Rørstad (Rissa)";"21/0 21/18";"29";
"12";"U15 A";"MD";"30";"Daniel Bjørklund / Victoria Magelssen (Bærum)";"31";"Malin Landro Olsen / Erlend Engesæter Bognøy (Sotra)";"21/9 21/8";"30";
"13";"U15 A";"MD";"33";"Joakim Haugebo (Grimstad) / Elisa Z Johansen (Herøy)";"34";"Keveen Kumar Balasingam / Marita Hrannardottir Skeie (Bergen)";"21/8 21/10";"34";
"14";"U15 A";"MD";"35";"Nikolay Magnus Avenstroup / Vibeke Olsen (Kristiansand)";"36";"Anne-Margrethe Ulla Staurset (Norborg) / Sander Espeseth (Ålesund)";"21/11 21/11";"35";
"15";"U15 A";"MD";"39";"Joacim Soltvedt (Bergen) / Selma Sanyang (Djerv)";"40";"Casper Cappelen (Brodd) / Synne Furnes Bjerkestrand (Djerv)";"15/21 21/13 21/11";"40";
"16";"U15 A";"MD";"41";"Sofia Louis Macsali (Bergen) / Jonas Østhassel (Kristiansand)";"42";"Stian Otten (Brodd) / Anastasia Vasilieva (Kirkenes)";"19/21 21/11 21/11";"41";
"17";"U15 A";"MD";"43";"Rikke Østhassel / Andreas Dåsnes (Kristiansand)";"44";"Rikke Nagell Hansen / Sondre Hagen (Stavanger)";"21/23 25/23 21/16";"43";
"18";"U15 A";"MD";"46";"Kim Andre Amundsen (Berlevåg) / Tuva Bjørbekk (Norborg)";"47";"Iver Aalberg / Silje Aasland (Leksvik)";"21/16 21/17";"47";
"19";"U15 A";"MD";"48";"Vilde Ekerhovd / Dennis Andersen Moe (Sotra)";"49";"Bernadette Somoza / Ørjan Strand (Ålesund)";"18/21 21/11 21/8";"48";
"20";"U17 A";"MD";"4";"Ronja Owesen / Benjamin Espeseth (Ålesund)";"5";"Benjamin Falck (Grimstad) / Hanne Nesse (Karmøy)";"W.O.";"5";
"21";"U17 A";"MD";"9";"Guro Olsen (Mehamn) / Andreas Gjerde (Sotra)";"10";"Rebekka Lie (Karmøy) / Marius Solbakk (Ålesund)";"21/9 21/7";"9";
"22";"U17 A";"MD";"14";"Margarita Lyaskova (Kolvereid) / Glen Fylling (Ålesund)";"15";"Thea Zahl Thorsen (Karmøy) / David Olsen (Ålesund)";"W.O.";"14";
"23";"U17 A";"MD";"18";"Tam Huynh / Peder Markus Runsjø (Sandefjord)";"19";"Alexander G. Aurstad (Grong) / Sara Hvidsten (Trondheim)";"21/8 21/14";"18";
"24";"U17 A";"MD";"20";"Aleksander Drzewiecki (Haugerud) / Elisabeth Thrane (Trondheim)";"21";"Matilde Furholm / Erlend Lade Støylen (Ålesund)";"21/7 21/7";"20";
"25";"U17 A";"MD";"22";"Thea Alfredsen / Tobias Eriksen (Båtsfjord)";"23";"Karoline Holm Eriksen (Haugerud) / Sondre Børmark (Klæbu)";"W.O.";"23";
"26";"U17 A";"MD";"24";"Torjus Flåtten / Sophie Owen-Davies (Pillarguri)";"25";"Sandra Slinning Hasselø / Kjetil Knutsen (Ålesund)";"21/6 21/0";"24";
"27";"U17 A";"MD";"28";"Kristin Aven / Gjermund Hagen (Stavanger)";"29";"Martin Brekke Hjellestad (Bergen) / Ingalill Mikalsen (Kolvereid)";"18/21 21/16 21/18";"28";
"28";"U17 A";"MD";"33";"Amanda T. Bonesmo (Haugerud) / Mats Nilsen (Ålesund)";"34";"Marie Fiskum / Sverre Andreas Helland (Grong)";"21/5 21/9";"34";
"29";"U17 A";"MD";"35";"Ida Tovik / Erlend Dale (Ålesund)";"36";"Andreas Haglund (Grimstad) / Ylva Rohde (Kirkenes)";"21/18 21/15";"36";
"30";"U17 A";"MD";"39";"Marita Janne Jelsma (Askøy) / Didrik Nagell Hansen (Stavanger)";"40";"Kristine Haugland (Karmøy) / Vetle Aarø (Ålesund)";"21/6 21/4";"39";
"31";"U15 A";"HS";"4";"Jan Kristian Eide (Pillarguri)";"5";"Joachim Skjønhaug (Bygdø)";"21/14 21/5";"5";
"32";"U15 A";"HS";"6";"Thomas Agung D. A. Thrane (Trondheim)";"7";"Olve Nes Kløvning (Bergen)";"21/8 21/5";"7";
"33";"U15 A";"HS";"11";"Håkon Rørstad (Rissa)";"12";"Sondre Sefland (Haugerud)";"21/14 21/9";"11";
"34";"U15 A";"HS";"17";"Daniel Hvidsand (Trondheim)";"18";"Christoffer Ripegutu (Kristiansand)";"21/1 21/4";"18";
"35";"U15 A";"HS";"1";"Mats Borgen (Haugerud)";"2";"Nikolay Magnus Avenstroup (Kristiansand)";"21/7 21/7";"2";
"36";"U15 A";"HS";"20";"Viktor P. Nordberg (Sandefjord)";"21";"Erlend Stormo (Slagen)";"21/7 21/10";"20";
"37";"U15 A";"HS";"14";"Joakim Haugebo (Grimstad)";"15";"Stian Otten (Brodd)";"21/10 21/8";"14";
"38";"U15 A";"HS";"23";"Brage Hinberg Olsen (Pillarguri)";"24";"Danila Gataullin (Leksvik)";"21/14 21/16";"24";
"39";"U15 A";"HS";"26";"Joacim Soltvedt (Bergen)";"27";"Erlend Engesæter Bognøy (Sotra)";"21/5 21/8";"26";
"40";"U15 A";"HS";"8";"Iver Aalberg (Leksvik)";"9";"Dennis Andersen Moe (Sotra)";"17/21 21/17 21/19";"8";
"41";"U15 A";"HS";"29";"Daniel Bjørklund (Bærum)";"30";"Kim Andre Amundsen (Berlevåg)";"21/12 21/16";"30";
"42";"U15 A";"HS";"32";"Lars Kåre Gjønnes (Orkanger)";"33";"Stig Erlend Reinseth (Haugerud)";"18/21 21/7 21/13";"32";
"43";"U15 A";"HS";"35";"Vebjørn Rønne (Leksvik)";"36";"Markus Vegusdal (Kristiansand)";"21/11 21/9";"36";
"44";"U15 A";"HS";"38";"Sindre Sjømark (Trondheim)";"39";"Ådne Strøm (Kolvereid)";"21/17 21/12";"39";
"45";"U15 A";"HS";"41";"Magnus Torkildsen (Nøtterøy)";"42";"Keveen Kumar Balasingam (Bergen)";"21/17 20/22 22/20";"41";
"46";"U15 A";"HS";"44";"Tobias Bruu Ringdal (Sandefjord)";"45";"Tobias Eriksen (Båtsfjord)";"W.O.";"44";
"47";"U15 A";"HS";"47";"Even Langås Kvam (Orkanger)";"48";"Petter Daleng (Haugerud)";"21/10 21/9";"47";
"48";"U15 A";"HS";"50";"Ayan Bhart (Hadsel)";"51";"Eivind Teigen (Pillarguri)";"21/19 21/16";"51";
"49";"U15 A";"HS";"53";"Heine Økland (Sotra)";"54";"Ørjan Strand (Ålesund)";"22/20 21/13";"54";
"50";"U15 A";"HS";"56";"Kennet Sanglay (Haugerud)";"57";"Jonas Tønnesen (Kristiansand)";"21/16 21/14";"57";
"51";"U15 A";"HS";"59";"Sivert Nordfjæren (Pillarguri)";"60";"Mikkel F. Villanger (Trondheim)";"21/7 21/8";"59";
"52";"U15 A";"HS";"62";"Henrik Skjønhaug (Bygdø)";"63";"Marius N. Hammeren (Berlevåg)";"21/13 21/12";"63";
"53";"U15 A";"HS";"65";"Jonas Østhassel (Kristiansand)";"66";"Sebastian Bruu Ringdal (Sandefjord)";"21/19 21/18";"65";
"54";"U15 A";"HS";"68";"Ole Herman Imset (Slagen)";"69";"Erik S. Hulsund (Trondheim)";"21/7 21/5";"68";
"55";"U15 A";"DS";"1";"Anna Øihusom (Pillarguri)";"2";"Sandra Slinning Hasselø (Ålesund)";"21/9 21/13";"1";
"56";"U15 A";"DS";"4";"Anastasia Vasilieva (Kirkenes)";"5";"Malin Landro Olsen (Sotra)";"21/6 21/5";"4";
"57";"U15 A";"DS";"7";"Silje Aasland (Leksvik)";"8";"Anne-Margrethe Ulla Staurset (Norborg)";"21/11 21/15";"7";
"58";"U15 A";"DS";"10";"Sofia Louis Macsali (Bergen)";"11";"Synne Furnes Bjerkestrand (Djerv)";"21/8 21/14";"11";
"59";"U15 A";"DS";"13";"Ida Tovik (Ålesund)";"14";"Sophie Bergland (Bygdø)";"21/10 21/15";"14";
"60";"U15 A";"DS";"16";"Matilde Furholm (Ålesund)";"17";"Ingvild Håland (Herøy)";"21/15 21/17";"16";
"61";"U15 A";"DS";"19";"Henny Lyfjell (Frogner)";"20";"Emma Søvik (Norborg)";"21/7 21/3";"19";
"62";"U15 A";"DS";"21";"Rikke Østhassel (Kristiansand)";"22";"Vera Botcharova Ellingsen (Bergen)";"21/3 21/13";"22";
"63";"U15 A";"DS";"23";"Tea Svelstad (Pillarguri)";"24";"Malin Holdbakk (Klæbu)";"21/12 21/12";"24";
"64";"U15 A";"DS";"26";"Thea Tønnesen (Kristiansand)";"27";"Victoria Smestadmoen (Sandefjord)";"21/9 21/10";"26";
"65";"U15 A";"DS";"29";"Victoria Magelssen (Bærum)";"30";"Jenny Aalberg (Leksvik)";"21/4 21/6";"29";
"66";"U15 A";"DS";"32";"Andrea Løvold (Klæbu)";"33";"Ingrid Olsen (Norborg)";"21/6 21/2";"32";
"67";"U15 A";"DS";"35";"Emma Wåland (Kristiansand)";"36";"Ingeborg Krogsæter (Karmøy)";"21/12 22/20";"35";
"68";"U15 A";"DS";"38";"Rikke Nagell Hansen (Stavanger)";"39";"Silje Lindseth (Sotra)";"21/9 21/8";"38";
"69";"U15 A";"DS";"41";"Ingrid Øgreid (Brodd)";"42";"Malin Bjørkås (Trondheim)";"21/3 21/2";"41";
"70";"U15 A";"DS";"44";"Ingrid Dretvik (Leksvik)";"45";"Rakel Gundersen (Sandefjord)";"21/17 23/21";"45";
"71";"U15 A";"DS";"47";"Rikke Karlsen (Moss)";"48";"Bernadette Somoza (Ålesund)";"21/3 21/6";"47";
"72";"U15 A";"DS";"50";"Stine Jensen (Kristiansand)";"51";"Selma Sanyang (Djerv)";"21/11 21/17";"51";
"73";"U15 A";"DS";"53";"Anna Louise Fjelldal (Haugerud)";"54";"Elisa Z Johansen (Herøy)";"21/12 21/11";"54";
"74";"U15 A";"DS";"56";"Sarika Singh (Trondheim)";"57";"Ina Stenkjær (Leksvik)";"19/21 21/5 21/12";"57";
"75";"U15 A";"DS";"59";"Elise Solheim (Pillarguri)";"60";"Nora Jansson (Sandefjord)";"21/7 21/11";"60";
"76";"U15 A";"DS";"62";"Vibeke Olsen (Kristiansand)";"63";"Tuva Bjørbekk (Norborg)";"21/2 21/7";"62";
"77";"U17 A";"DS";"1";"Margarita Lyaskova (Kolvereid)";"2";"Karoline Guldbjørnsen (Mehamn)";"21/11 21/16";"1";
"78";"U17 A";"DS";"3";"Cecilie Li (Haugerud)";"4";"Linn Lilian Stenrud (Frogner)";"21/12 18/21 21/15";"4";
"79";"U17 A";"DS";"5";"Lovise Krogsæter (Karmøy)";"6";"Nora Lindland (Sandefjord)";"21/13 17/21 23/21";"5";
"80";"U17 A";"DS";"8";"Thea Alfredsen (Båtsfjord)";"9";"Tuva Salvesen Johansen (Kristiansand)";"21/5 21/8";"9";
"81";"U17 A";"DS";"11";"Marita Janne Jelsma (Askøy)";"12";"Helene Rød Johansen (Sandefjord)";"21/9 21/5";"11";
"82";"U17 A";"DS";"14";"Sophie Owen-Davies (Pillarguri)";"15";"Veronica Rasmussen (Mehamn)";"21/6 21/6";"14";
"83";"U17 A";"DS";"17";"Kristine Haugland (Karmøy)";"18";"Hildur Grann (Kirkenes)";"21/7 21/16";"18";
"84";"U17 A";"DS";"20";"Sara Hvidsten (Trondheim)";"21";"Cathrine Schanche (Berlevåg)";"21/14 12/21 21/17";"20";
"85";"U17 A";"DS";"23";"Marie Fiskum (Grong)";"24";"Jarsica Sriskantharajah (Haugerud)";"21/6 21/11";"23";
"86";"U17 A";"DS";"25";"Nina F. Hansen (Berlevåg)";"26";"Charlotte Leinan (Mehamn)";"21/9 21/8";"26";
"87";"U17 A";"DS";"27";"Sigrid Elise Sund (Hamar)";"28";"Ingalill Mikalsen (Kolvereid)";"21/11 21/9";"27";
"88";"U17 A";"DS";"30";"Tam Huynh (Sandefjord)";"31";"Thea Zahl Thorsen (Karmøy)";"21/16 21/9";"30";
"89";"U17 A";"DS";"33";"Sofie Oshaug (Båtsfjord)";"34";"Ylva Rohde (Kirkenes)";"21/15 21/14";"34";
"90";"U17 A";"DS";"36";"Rebekka Lie (Karmøy)";"37";"Tina Austnes (Kolvereid)";"21/5 21/6";"37";
"91";"U17 A";"DS";"39";"Tonje Løslett (Sandefjord)";"40";"Anja Sofie Martinussen (Mehamn)";"21/16 21/14";"40";
"92";"U17 A";"DS";"42";"Guro Olsen (Mehamn)";"43";"Hanne Nesse (Karmøy)";"21/10 21/7";"42";
"93";"U17 A";"DS";"45";"Elisabeth Thrane (Trondheim)";"46";"Karoline Holm Eriksen (Haugerud)";"21/9 21/15";"45";
"94";"U17 A";"HS";"1";"Kristian Gården (Pillarguri)";"2";"Stinius Kristoffersen (Hamar)";"21/9 21/5";"1";
"95";"U17 A";"HS";"4";"Didrik Nagell Hansen (Stavanger)";"5";"Filip Grøholt (Moss)";"14/21 21/9 21/18";"5";
"96";"U17 A";"HS";"7";"Erlend Lade Støylen (Ålesund)";"8";"Sverre Andreas Helland (Grong)";"21/11 21/10";"8";
"97";"U17 A";"HS";"10";"Glen Fylling (Ålesund)";"11";"Håkon Synnes Ytreland (Karmøy)";"21/8 21/4";"11";
"98";"U17 A";"HS";"13";"Benjamin Espeseth (Ålesund)";"14";"Arild Mevatne (Karmøy)";"W.O.";"14";
"99";"U17 A";"HS";"16";"Vetle Aarø (Ålesund)";"17";"Andreas Haglund (Grimstad)";"21/6 21/1";"17";
"100";"U17 A";"HS";"19";"Daniel Myhren Hovind (Trondheim)";"20";"Kenneth Bjørkås Johnsen (Båtsfjord)";"21/14 21/7";"20";
"101";"U17 A";"HS";"22";"Gjermund Hagen (Stavanger)";"23";"Erlend With (Orkanger)";"W.O.";"22";
"102";"U17 A";"HS";"24";"Jørgen Wold (Grong)";"25";"Andreas Gjerde (Sotra)";"8/21 21/19 21/19";"25";
"103";"U17 A";"HS";"26";"Vebjørn Opem (Hamar)";"27";"Benjamin Falck (Grimstad)";"21/15 21/4";"27";
"104";"U17 A";"HS";"28";"Fredrik Skånøy (Rissa)";"29";"Mats Nilsen (Ålesund)";"21/18 21/15";"28";
"105";"U17 A";"HS";"30";"Martin Brekke Hjellestad (Bergen)";"31";"Håvard Haugen (Sotra)";"21/10 21/13";"30";
"106";"U17 A";"HS";"33";"Alexander G. Aurstad (Grong)";"34";"Robin Thorstensen (Moss)";"21/16 21/14";"34";
"107";"U17 A";"HS";"36";"David Olsen (Ålesund)";"37";"Andreas Stenhaug (Stavanger)";"W.O.";"37";
"108";"U17 A";"HS";"39";"Leif Are Hovden Eimind (Nøtterøy)";"40";"Lasse Nyheim (Hadsel)";"W.O.";"40";
"109";"U17 A";"HS";"42";"Peder Markus Runsjø (Sandefjord)";"43";"Kjetil Knutsen (Ålesund)";"21/4 21/1";"42";
"110";"U17 A";"HS";"45";"André Vinnem Fosse (Askøy)";"46";"Ivan Hegseth (Orkanger)";"21/16 21/16";"45";
"111";"U17 A";"HS";"48";"Thomas Opsanger (Stavanger)";"49";"Erlend Dale (Ålesund)";"21/12 15/21 21/18";"48";
"112";"U15 A";"MD";"1";"Christiane Dahl Nielsen / Karl Ødegård (Brodd)";"2";"Rikke Karlsen (Moss) / Magnus Torkildsen (Nøtterøy)";"21/8 21/13";"1";
"113";"U15 A";"MD";"4";"Anne-Liv Lie / Dusan Nicolik (Sotra)";"5";"Ronja H. Thorstensen (Moss) / Viktor P. Nordberg (Sandefjord)";"21/19 16/21 21/16";"4";
"114";"U15 A";"MD";"7";"Emilie Sotnes Hamang (Bærum) / Kasper Lyfjell (Frogner)";"8";"Nora Jansson / Sebastian Bruu Ringdal (Sandefjord)";"21/9 21/13";"7";
"115";"U15 A";"MD";"9";"Jonas Tønnesen (Kristiansand) / Rakel Gundersen (Sandefjord)";"12";"Ina Stenkjær / Danila Gataullin (Leksvik)";"15/21 21/12 22/20";"9";
"116";"U15 A";"MD";"13";"Emilie Faarup Storvik (Bærum) / Tony Yang (Trondheim)";"14";"Jenny Aalberg / Vebjørn Rønne (Leksvik)";"21/8 21/7";"13";
"117";"U15 A";"MD";"16";"Christoffer Ripegutu / Emma Wåland (Kristiansand)";"18";"Marie Christensen (Frogner) / Matius Wijaya (Moss)";"17/21 21/19 22/20";"16";
"118";"U15 A";"MD";"19";"Simen Solberg (Grong) / Stine Andersen (Moss)";"21";"Markus Vegusdal / Thea Tønnesen (Kristiansand)";"21/17 22/20";"19";
"119";"U15 A";"MD";"22";"Frida Sotnes Hamang (Bærum) / Toheed Ahmed Saeed (Haugerud)";"25";"Ida Høyland W. (Haugesund) / Erlend Kruksve (Leksvik)";"21/16 25/23";"22";
"120";"U15 A";"MD";"27";"Henny Lyfjell (Frogner) / Sivert Nordfjæren (Pillarguri)";"29";"Andrea Løvold (Klæbu) / Håkon Rørstad (Rissa)";"21/13 21/13";"29";
"121";"U15 A";"MD";"30";"Daniel Bjørklund / Victoria Magelssen (Bærum)";"32";"Ingrid Øgreid (Brodd) / Hans-Christian Marthinsen (Moss)";"21/12 21/5";"32";
"122";"U15 A";"MD";"34";"Keveen Kumar Balasingam / Marita Hrannardottir Skeie (Bergen)";"35";"Nikolay Magnus Avenstroup / Vibeke Olsen (Kristiansand)";"21/17 14/21 21/18";"34";
"123";"U15 A";"MD";"37";"Joachim Skjønhaug / Sophie Bergland (Bygdø)";"38";"Kristine Haakonseth / Tobias Krømke (Sandefjord)";"21/7 21/6";"38";
"124";"U15 A";"MD";"40";"Casper Cappelen (Brodd) / Synne Furnes Bjerkestrand (Djerv)";"41";"Sofia Louis Macsali (Bergen) / Jonas Østhassel (Kristiansand)";"21/13 21/17";"41";
"125";"U15 A";"MD";"43";"Rikke Østhassel / Andreas Dåsnes (Kristiansand)";"45";"Markus Barth / Vera Botcharova Ellingsen (Bergen)";"21/16 14/21 21/17";"45";
"126";"U15 A";"MD";"47";"Iver Aalberg / Silje Aasland (Leksvik)";"48";"Vilde Ekerhovd / Dennis Andersen Moe (Sotra)";"21/14 13/21 21/16";"48";
"127";"U15 A";"MD";"50";"Elisabeth Pape / Jiawen Shi (Brodd)";"51";"Mads Marum / Lotte Eide (Kristiansand)";"21/9 21/15";"51";
"128";"U17 A";"MD";"1";"Peter Rønn Stensæth (Bygdø) / Linn Lilian Stenrud (Frogner)";"2";"Lovise Krogsæter / Arild Mevatne (Karmøy)";"21/15 21/15";"1";
"129";"U17 A";"MD";"6";"Marlene Wåland (Kristiansand) / Edvard Rosenberg (Sandefjord)";"7";"Kenneth Bjørkås Johnsen / Sofie Oshaug (Båtsfjord)";"21/6 21/6";"6";
"130";"U17 A";"MD";"8";"Silje Røgenes (Karmøy) / Michael Thunem (Rissa)";"9";"Guro Olsen (Mehamn) / Andreas Gjerde (Sotra)";"21/13 21/1";"9";
"131";"U17 A";"MD";"3";"André Vinnem Fosse (Askøy) / Hildur Grann (Kirkenes)";"5";"Benjamin Falck (Grimstad) / Hanne Nesse (Karmøy)";"21/11 21/17";"5";
"132";"U17 A";"MD";"11";"Carl Christian Mork (Asker) / Vilde Espeseth (Kirkenes)";"12";"Leif Are Hovden Eimind (Nøtterøy) / Tonje Løslett (Sandefjord)";"W.O.";"11";
"133";"U17 A";"MD";"13";"Cathrine Schanche (Berlevåg) / Lasse Nyheim (Hadsel)";"14";"Margarita Lyaskova (Kolvereid) / Glen Fylling (Ålesund)";"21/14 21/8";"13";
"134";"U17 A";"MD";"16";"Thomas Berge (Bygdø) / Trine Wåland (Kristiansand)";"17";"Kristine Wallem / Andreas Stenhaug (Stavanger)";"21/13 21/11";"16";
"135";"U17 A";"MD";"18";"Tam Huynh / Peder Markus Runsjø (Sandefjord)";"20";"Aleksander Drzewiecki (Haugerud) / Elisabeth Thrane (Trondheim)";"21/16 21/14";"18";
"136";"U17 A";"MD";"23";"Karoline Holm Eriksen (Haugerud) / Sondre Børmark (Klæbu)";"24";"Torjus Flåtten / Sophie Owen-Davies (Pillarguri)";"21/14 21/7";"24";
"137";"U17 A";"MD";"26";"Cecilie Li (Haugerud) / Håkon Synnes Ytreland (Karmøy)";"27";"Tuva Salvesen Johansen (Kristiansand) / Filip Grøholt (Moss)";"21/13 21/17";"27";
"138";"U17 A";"MD";"28";"Kristin Aven / Gjermund Hagen (Stavanger)";"30";"Camilla Stokkaunet / Fredrik Skånøy (Rissa)";"21/19 21/10";"28";
"139";"U17 A";"MD";"31";"Marius N. Hammeren / Nina F. Hansen (Berlevåg)";"32";"Vegard Rikheim (Frogner) / Charlotte Leinan (Mehamn)";"21/11 21/13";"32";
"140";"U17 A";"MD";"34";"Marie Fiskum / Sverre Andreas Helland (Grong)";"36";"Andreas Haglund (Grimstad) / Ylva Rohde (Kirkenes)";"21/8 21/16";"34";
"141";"U17 A";"MD";"37";"Sigrid Elise Sund / Stinius Kristoffersen (Hamar)";"38";"Robin Thorstensen / Marthe Skaug (Moss)";"21/8 21/12";"38";
"142";"U17 A";"MD";"39";"Marita Janne Jelsma (Askøy) / Didrik Nagell Hansen (Stavanger)";"41";"Marie Johansen (Nøtterøy) / Håvard Haugen (Sotra)";"21/13 21/2";"39";
"143";"U17 A";"MD";"42";"Ivan Hegseth (Orkanger) / Nora Lindland (Sandefjord)";"43";"Solvår S Flåten Jørgensen / Sturla F. Jørgensen (Karmøy)";"21/7 21/6";"43";
"144";"U15 A";"HD";"4";"Ole Herman Imset / Erlend Stormo (Slagen)";"5";"Matius Wijaya (Moss) / Viktor P. Nordberg (Sandefjord)";"21/7 21/10";"5";
"145";"U15 A";"HD";"8";"Kasper Lyfjell (Frogner) / Hans-Christian Marthinsen (Moss)";"9";"Daniel Bjørklund (Bærum) / Dusan Nicolik (Sotra)";"21/13 21/11";"8";
"146";"U15 A";"HD";"10";"Markus Barth (Bergen) / Magnus Torkildsen (Nøtterøy)";"11";"Daniel Hvidsand / Mikkel F. Villanger (Trondheim)";"21/7 21/6";"10";
"147";"U15 A";"HD";"6";"Dennis Andersen Moe / Erlend Engesæter Bognøy (Sotra)";"7";"Mats Borgen / Stig Erlend Reinseth (Haugerud)";"21/11 21/10";"6";
"148";"U15 A";"HD";"2";"Anders Olsen / Markus Vegusdal (Kristiansand)";"3";"Jiawen Shi (Brodd) / Toheed Ahmed Saeed (Haugerud)";"21/15 21/14";"3";
"149";"U15 A";"HD";"12";"Petter Daleng / Kennet Sanglay (Haugerud)";"13";"Mads Marum / Andreas Dåsnes (Kristiansand)";"21/5 21/6";"13";
"150";"U15 A";"HD";"14";"Kim Andre Amundsen (Berlevåg) / Ayan Bhart (Hadsel)";"15";"Eivind Teigen / Brage Hinberg Olsen (Pillarguri)";"21/12 26/24";"14";
"151";"U15 A";"HD";"16";"Casper Cappelen / Stian Otten (Brodd)";"17";"Bjørn Halvfstad / Sondre Sefland (Haugerud)";"21/10 11/21 21/15";"16";
"152";"U15 A";"HD";"18";"Olve Nes Kløvning (Bergen) / Erlend Kruksve (Leksvik)";"19";"Iver Aalberg / Danila Gataullin (Leksvik)";"21/8 21/15";"18";
"153";"U15 A";"HD";"20";"Jan Kristian Eide (Pillarguri) / Sindre Sjømark (Trondheim)";"21";"Vebjørn Rønne (Leksvik) / Sebastian Bruu Ringdal (Sandefjord)";"21/19 21/17";"21";
"154";"U15 A";"HD";"22";"Ådne Strøm (Kolvereid) / Sivert Nordfjæren (Pillarguri)";"23";"Nikolay Magnus Avenstroup / Christoffer Ripegutu (Kristiansand)";"21/6 21/13";"23";
"155";"U15 A";"HD";"24";"Ørjan Strand / Sander Espeseth (Ålesund)";"25";"Jonas Tønnesen / Jonas Østhassel (Kristiansand)";"21/8 21/7";"25";
"156";"U15 A";"HD";"26";"Sondre Hagen / Mikal Melhus Tøsse (Stavanger)";"27";"Keveen Kumar Balasingam / Joacim Soltvedt (Bergen)";"21/17 16/21 21/16";"26";
"157";"U15 A";"HD";"28";"Henrik Skjønhaug / Joachim Skjønhaug (Bygdø)";"29";"Even Langås Kvam (Orkanger) / Morten Andre Skånøy Søraas (Rissa)";"22/20 23/25 21/16";"29";
"158";"U15 A";"DD";"2";"Augusta Sverdrup Alfnes / Anna Louise Fjelldal (Haugerud)";"3";"Victoria Magelssen (Bærum) / Malin Holdbakk (Klæbu)";"21/6 21/5";"3";
"159";"U15 A";"DD";"4";"Lotte Eide / Vibeke Olsen (Kristiansand)";"5";"Synne Furnes Bjerkestrand / Selma Sanyang (Djerv)";"20/22 25/23 21/16";"4";
"160";"U15 A";"DD";"6";"Jenny Aalberg / Ingrid Dretvik (Leksvik)";"7";"Julia Louis Macsali / Marita Hrannardottir Skeie (Bergen)";"21/7 21/2";"7";
"161";"U15 A";"DD";"8";"Ingrid Øgreid / Elisabeth Pape (Brodd)";"9";"Ida Høyland W. (Haugesund) / Anastasia Vasilieva (Kirkenes)";"21/13 21/14";"8";
"162";"U15 A";"DD";"10";"Anne-Margrethe Ulla Staurset / Emma Søvik (Norborg)";"11";"Ronja Owesen / Sandra Slinning Hasselø (Ålesund)";"21/19 21/12";"10";
"163";"U15 A";"DD";"12";"Andrine Sandvær / Elise Solheim (Pillarguri)";"13";"Vilde Ekerhovd / Anne-Liv Lie (Sotra)";"21/5 21/6";"13";
"164";"U15 A";"DD";"14";"Henny Lyfjell (Frogner) / Rikke Karlsen (Moss)";"15";"Thea Tønnesen / Stine Jensen (Kristiansand)";"21/12 21/15";"14";
"165";"U15 A";"DD";"16";"Malin Bjørkås / Pernille Ervik (Trondheim)";"17";"Anna Øihusom / Tea Svelstad (Pillarguri)";"21/11 21/14";"17";
"166";"U15 A";"DD";"18";"Victoria Smestadmoen (Sandefjord) / Rikke Nagell Hansen (Stavanger)";"19";"Rakel Gundersen / Nora Jansson (Sandefjord)";"21/10 21/11";"19";
"167";"U15 A";"DD";"20";"Ingvild Håland / Elisa Z Johansen (Herøy)";"21";"Silje Aasland / Ina Stenkjær (Leksvik)";"9/21 21/14 21/18";"20";
"168";"U15 A";"DD";"22";"Marie Christensen (Frogner) / Stine Andersen (Moss)";"23";"Christiane Dahl Nielsen (Brodd) / Kristine Haakonseth (Sandefjord)";"21/14 21/7";"22";
"169";"U15 A";"DD";"24";"Ingrid Olsen (Norborg) / Bernadette Somoza (Ålesund)";"25";"Silje Lindseth / Malin Landro Olsen (Sotra)";"21/14 21/8";"24";
"170";"U15 A";"DD";"26";"Vera Botcharova Ellingsen / Sofia Louis Macsali (Bergen)";"27";"Rikke Østhassel / Emma Wåland (Kristiansand)";"21/14 18/21 21/13";"27";
"171";"U15 A";"DD";"28";"Matilde Furholm / Ida Tovik (Ålesund)";"29";"Sophie Bergland (Bygdø) / Ingeborg Krogsæter (Karmøy)";"21/15 21/17";"29";
"172";"U15 A";"DD";"30";"Andrea Løvold / Helle Sofie Sagøy (Klæbu)";"31";"Emilie Sotnes Hamang / Emilie Faarup Storvik (Bærum)";"21/9 21/10";"31";
"173";"U17 A";"HD";"2";"Kenneth Bjørkås Johnsen (Båtsfjord) / Kjetil Knutsen (Ålesund)";"3";"Erlend Lade Støylen / Glen Fylling (Ålesund)";"21/17 21/16";"3";
"174";"U17 A";"HD";"5";"Robin Thorstensen / Filip Grøholt (Moss)";"6";"Thomas Berge (Bygdø) / Sondre Børmark (Klæbu)";"21/13 18/21 21/15";"5";
"175";"U17 A";"HD";"8";"Aleksander Drzewiecki (Haugerud) / Leif Are Hovden Eimind (Nøtterøy)";"9";"Håkon Rørstad / Fredrik Skånøy (Rissa)";"W.O.";"9";
"176";"U17 A";"HD";"10";"Kevin Axel Rønning (Pillarguri) / Andreas Stenhaug (Stavanger)";"11";"Gjermund Hagen / Didrik Nagell Hansen (Stavanger)";"21/18 21/16";"10";
"177";"U17 A";"HD";"12";"Vetle Aarø / Marius Solbakk (Ålesund)";"13";"Vebjørn Opem / Stinius Kristoffersen (Hamar)";"21/7 21/10";"13";
"178";"U17 A";"HD";"14";"Marius N. Hammeren (Berlevåg) / Lasse Nyheim (Hadsel)";"15";"Erlend Dale / Mats Nilsen (Ålesund)";"21/8 21/9";"14";
"179";"U17 A";"HD";"16";"André Vinnem Fosse (Askøy) / Andreas Gjerde (Sotra)";"17";"Håkon Synnes Ytreland / Arild Mevatne (Karmøy)";"21/15 21/13";"17";
"180";"U17 A";"HD";"18";"Ivan Hegseth / Lars Kåre Gjønnes (Orkanger)";"19";"Joakim Haugebo / Andreas Haglund (Grimstad)";"24/22 21/11";"19";
"181";"U17 A";"HD";"21";"Benjamin Falck (Grimstad) / Michael Thunem (Rissa)";"22";"Håvard Haugen (Sotra) / Thomas Opsanger (Stavanger)";"21/13 21/11";"22";
"182";"U17 A";"HD";"23";"Alexander G. Aurstad / Jørgen Wold (Grong)";"24";"Benjamin Espeseth / David Olsen (Ålesund)";"W.O.";"23";
"183";"U17 A";"HD";"25";"Martin Brekke Hjellestad (Bergen) / Sverre Andreas Helland (Grong)";"26";"Mattias Xu (Frogner) / Torjus Flåtten (Pillarguri)";"21/13 21/17";"26";
"184";"U17 A";"DD";"4";"Sara Hvidsten / Elisabeth Thrane (Trondheim)";"5";"Cecilie Li (Haugerud) / Lovise Krogsæter (Karmøy)";"21/17 14/21 21/17";"5";
"185";"U17 A";"DD";"7";"Thea Zahl Thorsen / Silje Røgenes (Karmøy)";"8";"Hildur Grann / Ylva Rohde (Kirkenes)";"21/19 21/15";"7";
"186";"U17 A";"DD";"10";"Veronica Rasmussen (Mehamn) / Camilla Stokkaunet (Rissa)";"11";"Ingalill Mikalsen / Margarita Lyaskova (Kolvereid)";"21/12 21/11";"11";
"187";"U17 A";"DD";"12";"Tonje Løslett / Helene Rød Johansen (Sandefjord)";"13";"Kristine Wallem / Kristin Aven (Stavanger)";"21/18 21/13";"12";
"188";"U17 A";"DD";"15";"Amanda T. Bonesmo (Haugerud) / Guro Olsen (Mehamn)";"16";"Tina Austnes (Kolvereid) / Tam Huynh (Sandefjord)";"21/15 21/5";"16";
"189";"U17 A";"DD";"18";"Nina F. Hansen / Cathrine Schanche (Berlevåg)";"19";"Karoline Guldbjørnsen / Anja Sofie Martinussen (Mehamn)";"21/19 21/13";"18";
"190";"U17 A";"DD";"21";"Marie Fiskum (Grong) / Nora Lindland (Sandefjord)";"22";"Kristine Haugland / Rebekka Lie (Karmøy)";"21/14 21/10";"21";
"191";"U15 A";"HS";"1";"Mats Borgen (Haugerud)";"3";"Tobias Krømke (Sandefjord)";"21/8 21/0";"3";
"192";"U15 A";"HS";"4";"Jan Kristian Eide (Pillarguri)";"6";"Thomas Agung D. A. Thrane (Trondheim)";"21/16 21/13";"6";
"193";"U15 A";"HS";"5";"Joachim Skjønhaug (Bygdø)";"7";"Olve Nes Kløvning (Bergen)";"21/13 21/12";"7";
"194";"U15 A";"HS";"8";"Iver Aalberg (Leksvik)";"10";"Tony Yang (Trondheim)";"21/7 21/5";"10";
"195";"U15 A";"HS";"17";"Daniel Hvidsand (Trondheim)";"19";"Jiawen Shi (Brodd)";"21/7 21/14";"19";
"196";"U15 A";"HS";"11";"Håkon Rørstad (Rissa)";"13";"Sondre Hagen (Stavanger)";"21/16 21/14";"11";
"197";"U15 A";"HS";"20";"Viktor P. Nordberg (Sandefjord)";"22";"Hans-Christian Marthinsen (Moss)";"16/21 23/21 21/9";"22";
"198";"U15 A";"HS";"23";"Brage Hinberg Olsen (Pillarguri)";"25";"Bjørn Halvfstad (Haugerud)";"21/16 21/11";"25";
"199";"U15 A";"HS";"26";"Joacim Soltvedt (Bergen)";"28";"Andreas Dåsnes (Kristiansand)";"21/11 21/5";"28";
"200";"U15 A";"HS";"29";"Daniel Bjørklund (Bærum)";"31";"Kasper Lyfjell (Frogner)";"21/9 21/6";"31";
"201";"U15 A";"HS";"14";"Joakim Haugebo (Grimstad)";"16";"Anders Olsen (Kristiansand)";"21/19 21/18";"14";
"202";"U15 A";"HS";"32";"Lars Kåre Gjønnes (Orkanger)";"34";"Sander Espeseth (Ålesund)";"15/21 21/19 21/18";"32";
"203";"U15 A";"HS";"35";"Vebjørn Rønne (Leksvik)";"37";"Morten Andre Skånøy Søraas (Rissa)";"21/12 21/13";"37";
"204";"U15 A";"HS";"38";"Sindre Sjømark (Trondheim)";"40";"Matius Wijaya (Moss)";"21/5 21/5";"40";
"205";"U15 A";"HS";"41";"Magnus Torkildsen (Nøtterøy)";"43";"Simen Solberg (Grong)";"21/14 21/14";"43";
"206";"U15 A";"HS";"44";"Tobias Bruu Ringdal (Sandefjord)";"46";"Casper Cappelen (Brodd)";"21/8 21/6";"46";
"207";"U15 A";"HS";"47";"Even Langås Kvam (Orkanger)";"49";"Dusan Nicolik (Sotra)";"21/14 22/20";"49";
"208";"U15 A";"HS";"50";"Ayan Bhart (Hadsel)";"52";"Mads Marum (Kristiansand)";"21/12 21/10";"52";
"209";"U15 A";"HS";"53";"Heine Økland (Sotra)";"55";"Mikal Melhus Tøsse (Stavanger)";"21/13 21/12";"55";
"210";"U15 A";"HS";"56";"Kennet Sanglay (Haugerud)";"58";"Erlend Kruksve (Leksvik)";"21/9 21/8";"58";
"211";"U15 A";"HS";"59";"Sivert Nordfjæren (Pillarguri)";"61";"Markus Barth (Bergen)";"21/9 21/7";"61";
"212";"U15 A";"HS";"62";"Henrik Skjønhaug (Bygdø)";"64";"Oddbjørn Svinsås (Orkanger)";"21/18 17/21 21/16";"64";
"213";"U15 A";"HS";"65";"Jonas Østhassel (Kristiansand)";"67";"Toheed Ahmed Saeed (Haugerud)";"21/14 21/6";"67";
"214";"U15 A";"HS";"68";"Ole Herman Imset (Slagen)";"70";"Karl Ødegård (Brodd)";"21/10 21/7";"70";
"215";"U15 A";"DS";"1";"Anna Øihusom (Pillarguri)";"3";"Emilie Sotnes Hamang (Bærum)";"21/1 21/4";"3";
"216";"U15 A";"DS";"4";"Anastasia Vasilieva (Kirkenes)";"6";"Lotte Eide (Kristiansand)";"21/3 21/9";"6";
"217";"U15 A";"DS";"7";"Silje Aasland (Leksvik)";"9";"Kristine Haakonseth (Sandefjord)";"21/8 21/9";"9";
"218";"U15 A";"DS";"10";"Sofia Louis Macsali (Bergen)";"12";"Helle Sofie Sagøy (Klæbu)";"17/21 21/16 21/18";"12";
"219";"U15 A";"DS";"13";"Ida Tovik (Ålesund)";"15";"Pernille Ervik (Trondheim)";"21/14 21/19";"13";
"220";"U15 A";"DS";"16";"Matilde Furholm (Ålesund)";"18";"Stine Andersen (Moss)";"21/5 21/8";"18";
"221";"U15 A";"DS";"19";"Henny Lyfjell (Frogner)";"21";"Rikke Østhassel (Kristiansand)";"21/15 21/7";"19";
"222";"U15 A";"DS";"26";"Thea Tønnesen (Kristiansand)";"28";"Anne-Liv Lie (Sotra)";"12/21 21/11 21/15";"28";
"223";"U15 A";"DS";"29";"Victoria Magelssen (Bærum)";"31";"Augusta Sverdrup Alfnes (Haugerud)";"21/10 21/6";"29";
"224";"U15 A";"DS";"32";"Andrea Løvold (Klæbu)";"34";"Ronja Owesen (Ålesund)";"21/5 21/2";"32";
"225";"U15 A";"DS";"35";"Emma Wåland (Kristiansand)";"37";"Ida Høyland W. (Haugesund)";"21/19 21/17";"35";
"226";"U15 A";"DS";"38";"Rikke Nagell Hansen (Stavanger)";"40";"Marie Christensen (Frogner)";"21/5 21/3";"40";
"227";"U15 A";"DS";"44";"Ingrid Dretvik (Leksvik)";"46";"Marita Hrannardottir Skeie (Bergen)";"21/9 21/3";"46";
"228";"U15 A";"DS";"47";"Rikke Karlsen (Moss)";"49";"Frida Sotnes Hamang (Bærum)";"21/8 21/6";"49";
"229";"U15 A";"DS";"56";"Sarika Singh (Trondheim)";"58";"Emilie Faarup Storvik (Bærum)";"21/3 21/8";"58";
"230";"U15 A";"DS";"53";"Anna Louise Fjelldal (Haugerud)";"55";"Julia Louis Macsali (Bergen)";"21/10 21/6";"55";
"231";"U15 A";"DS";"41";"Ingrid Øgreid (Brodd)";"43";"Andrine Sandvær (Pillarguri)";"21/8 21/3";"41";
"232";"U15 A";"DS";"59";"Elise Solheim (Pillarguri)";"61";"Ronja H. Thorstensen (Moss)";"21/11 21/11";"61";
"233";"U15 A";"DS";"20";"Emma Søvik (Norborg)";"22";"Vera Botcharova Ellingsen (Bergen)";"21/5 21/3";"22";
"234";"U15 A";"DS";"23";"Tea Svelstad (Pillarguri)";"25";"Elisabeth Pape (Brodd)";"21/11 21/13";"25";
"235";"U15 A";"DS";"50";"Stine Jensen (Kristiansand)";"52";"Vilde Ekerhovd (Sotra)";"21/5 21/13";"52";
"236";"U15 A";"DS";"62";"Vibeke Olsen (Kristiansand)";"64";"Christiane Dahl Nielsen (Brodd)";"21/12 21/14";"64";
"237";"U17 A";"HS";"1";"Kristian Gården (Pillarguri)";"3";"Peter Rønn Stensæth (Bygdø)";"21/12 21/19";"3";
"238";"U17 A";"HS";"10";"Glen Fylling (Ålesund)";"12";"Edvard Rosenberg (Sandefjord)";"21/9 21/6";"12";
"239";"U17 A";"HS";"7";"Erlend Lade Støylen (Ålesund)";"9";"Mattias Xu (Frogner)";"21/8 21/7";"9";
"240";"U17 A";"HS";"13";"Benjamin Espeseth (Ålesund)";"15";"Carl Christian Mork (Asker)";"W.O.";"15";
"241";"U17 A";"HS";"19";"Daniel Myhren Hovind (Trondheim)";"21";"Torjus Flåtten (Pillarguri)";"21/1 21/3";"21";
"242";"U17 A";"HS";"4";"Didrik Nagell Hansen (Stavanger)";"6";"Michael Thunem (Rissa)";"21/6 21/7";"4";
"243";"U17 A";"HS";"16";"Vetle Aarø (Ålesund)";"18";"Sondre Børmark (Klæbu)";"21/9 21/1";"18";
"244";"U17 A";"HS";"22";"Gjermund Hagen (Stavanger)";"24";"Jørgen Wold (Grong)";"21/16 21/13";"22";
"245";"U17 A";"HS";"23";"Erlend With (Orkanger)";"25";"Andreas Gjerde (Sotra)";"W.O.";"25";
"246";"U17 A";"HS";"26";"Vebjørn Opem (Hamar)";"28";"Fredrik Skånøy (Rissa)";"21/12 21/15";"28";
"247";"U17 A";"HS";"27";"Benjamin Falck (Grimstad)";"29";"Mats Nilsen (Ålesund)";"21/3 21/14";"27";
"248";"U17 A";"HS";"30";"Martin Brekke Hjellestad (Bergen)";"32";"Kjartan Salvesen (Pillarguri)";"21/7 21/15";"32";
"249";"U17 A";"HS";"33";"Alexander G. Aurstad (Grong)";"35";"Marius Solbakk (Ålesund)";"21/6 21/8";"33";
"250";"U17 A";"HS";"36";"David Olsen (Ålesund)";"38";"Vegard Rikheim (Frogner)";"W.O.";"38";
"251";"U17 A";"HS";"39";"Leif Are Hovden Eimind (Nøtterøy)";"41";"Aleksander Drzewiecki (Haugerud)";"W.O.";"41";
"252";"U17 A";"HS";"42";"Peder Markus Runsjø (Sandefjord)";"44";"Thomas Berge (Bygdø)";"23/21 21/17";"42";
"253";"U17 A";"HS";"45";"André Vinnem Fosse (Askøy)";"47";"Kevin Axel Rønning (Pillarguri)";"21/7 21/11";"47";
"254";"U17 A";"HS";"48";"Thomas Opsanger (Stavanger)";"50";"Sturla F. Jørgensen (Karmøy)";"21/11 21/4";"50";
"255";"U17 A";"DS";"1";"Margarita Lyaskova (Kolvereid)";"3";"Cecilie Li (Haugerud)";"21/6 21/17";"1";
"256";"U17 A";"DS";"2";"Karoline Guldbjørnsen (Mehamn)";"4";"Linn Lilian Stenrud (Frogner)";"21/7 21/8";"4";
"257";"U17 A";"DS";"5";"Lovise Krogsæter (Karmøy)";"7";"Vilde Espeseth (Kirkenes)";"21/16 21/9";"7";
"258";"U17 A";"DS";"8";"Thea Alfredsen (Båtsfjord)";"10";"Kristine Wallem (Stavanger)";"21/16 21/10";"8";
"259";"U17 A";"DS";"11";"Marita Janne Jelsma (Askøy)";"13";"Camilla Stokkaunet (Rissa)";"21/7 21/6";"11";
"260";"U17 A";"DS";"14";"Sophie Owen-Davies (Pillarguri)";"16";"Silje Røgenes (Karmøy)";"21/7 21/7";"14";
"261";"U17 A";"DS";"17";"Kristine Haugland (Karmøy)";"19";"Marlene Wåland (Kristiansand)";"21/1 21/5";"19";
"262";"U17 A";"DS";"20";"Sara Hvidsten (Trondheim)";"22";"Amanda T. Bonesmo (Haugerud)";"21/9 21/13";"20";
"263";"U17 A";"DS";"23";"Marie Fiskum (Grong)";"25";"Nina F. Hansen (Berlevåg)";"21/7 14/21 21/19";"25";
"264";"U17 A";"DS";"24";"Jarsica Sriskantharajah (Haugerud)";"26";"Charlotte Leinan (Mehamn)";"21/3 21/5";"26";
"265";"U17 A";"DS";"27";"Sigrid Elise Sund (Hamar)";"29";"Solvår S Flåten Jørgensen (Karmøy)";"21/18 19/21 21/15";"27";
"266";"U17 A";"DS";"30";"Tam Huynh (Sandefjord)";"32";"Theepiga Makesan (Haugerud)";"21/3 21/8";"30";
"267";"U17 A";"DS";"33";"Sofie Oshaug (Båtsfjord)";"35";"Kristina Dåsnes (Kristiansand)";"21/2 21/4";"35";
"268";"U17 A";"DS";"36";"Rebekka Lie (Karmøy)";"38";"Marie Johansen (Nøtterøy)";"21/18 21/4";"38";
"269";"U17 A";"DS";"39";"Tonje Løslett (Sandefjord)";"41";"Trine Wåland (Kristiansand)";"21/6 21/15";"41";
"270";"U17 A";"DS";"42";"Guro Olsen (Mehamn)";"44";"Kristin Aven (Stavanger)";"21/16 21/19";"42";
"271";"U17 A";"DS";"45";"Elisabeth Thrane (Trondheim)";"47";"Marthe Skaug (Moss)";"21/14 21/8";"47";
"272";"U15 A";"MD";"1";"Christiane Dahl Nielsen / Karl Ødegård (Brodd)";"4";"Anne-Liv Lie / Dusan Nicolik (Sotra)";"21/14 21/18";"1";
"273";"U15 A";"MD";"7";"Emilie Sotnes Hamang (Bærum) / Kasper Lyfjell (Frogner)";"9";"Jonas Tønnesen (Kristiansand) / Rakel Gundersen (Sandefjord)";"21/5 21/5";"7";
"274";"U15 A";"MD";"13";"Emilie Faarup Storvik (Bærum) / Tony Yang (Trondheim)";"16";"Christoffer Ripegutu / Emma Wåland (Kristiansand)";"21/16 16/21 21/11";"13";
"275";"U15 A";"MD";"19";"Simen Solberg (Grong) / Stine Andersen (Moss)";"22";"Frida Sotnes Hamang (Bærum) / Toheed Ahmed Saeed (Haugerud)";"21/15 21/12";"22";
"276";"U15 A";"MD";"29";"Andrea Løvold (Klæbu) / Håkon Rørstad (Rissa)";"32";"Ingrid Øgreid (Brodd) / Hans-Christian Marthinsen (Moss)";"22/20 18/21 21/10";"32";
"277";"U15 A";"MD";"34";"Keveen Kumar Balasingam / Marita Hrannardottir Skeie (Bergen)";"38";"Kristine Haakonseth / Tobias Krømke (Sandefjord)";"22/20 21/6";"38";
"278";"U15 A";"MD";"41";"Sofia Louis Macsali (Bergen) / Jonas Østhassel (Kristiansand)";"45";"Markus Barth / Vera Botcharova Ellingsen (Bergen)";"21/18 24/26 21/17";"45";
"279";"U15 A";"MD";"48";"Vilde Ekerhovd / Dennis Andersen Moe (Sotra)";"51";"Mads Marum / Lotte Eide (Kristiansand)";"21/8 21/7";"51";
"280";"U17 A";"MD";"1";"Peter Rønn Stensæth (Bygdø) / Linn Lilian Stenrud (Frogner)";"5";"Benjamin Falck (Grimstad) / Hanne Nesse (Karmøy)";"21/2 21/5";"1";
"281";"U17 A";"MD";"24";"Torjus Flåtten / Sophie Owen-Davies (Pillarguri)";"27";"Tuva Salvesen Johansen (Kristiansand) / Filip Grøholt (Moss)";"21/13 21/12";"24";
"282";"U15 A";"HD";"5";"Matius Wijaya (Moss) / Viktor P. Nordberg (Sandefjord)";"6";"Dennis Andersen Moe / Erlend Engesæter Bognøy (Sotra)";"21/13 22/20";"5";
"283";"U15 A";"HD";"16";"Casper Cappelen / Stian Otten (Brodd)";"18";"Olve Nes Kløvning (Bergen) / Erlend Kruksve (Leksvik)";"21/9 21/10";"18";
"284";"U15 A";"HD";"25";"Jonas Tønnesen / Jonas Østhassel (Kristiansand)";"26";"Sondre Hagen / Mikal Melhus Tøsse (Stavanger)";"21/14 18/21 21/15";"25";
"285";"U17 A";"HD";"7";"Edvard Rosenberg / Peder Markus Runsjø (Sandefjord)";"9";"Håkon Rørstad / Fredrik Skånøy (Rissa)";"21/4 21/11";"7";
"286";"U17 A";"HD";"10";"Kevin Axel Rønning (Pillarguri) / Andreas Stenhaug (Stavanger)";"13";"Vebjørn Opem / Stinius Kristoffersen (Hamar)";"21/11 21/7";"10";
"287";"U17 A";"HD";"19";"Joakim Haugebo / Andreas Haglund (Grimstad)";"20";"Kristian Gården / Kjartan Salvesen (Pillarguri)";"21/7 21/9";"20";
"288";"U17 A";"HD";"22";"Håvard Haugen (Sotra) / Thomas Opsanger (Stavanger)";"23";"Alexander G. Aurstad / Jørgen Wold (Grong)";"21/16 21/8";"23";
"289";"U17 A";"HD";"26";"Mattias Xu (Frogner) / Torjus Flåtten (Pillarguri)";"27";"Carl Christian Mork (Asker) / Sturla F. Jørgensen (Karmøy)";"15/21 21/13 21/16";"27";
"290";"U17 A";"DD";"18";"Nina F. Hansen / Cathrine Schanche (Berlevåg)";"20";"Marita Janne Jelsma (Askøy) / Solvår S Flåten Jørgensen (Karmøy)";"21/10 21/17";"20";
"291";"U17 A";"DD";"12";"Tonje Løslett / Helene Rød Johansen (Sandefjord)";"14";"Theepiga Makesan / Jarsica Sriskantharajah (Haugerud)";"21/13 21/8";"12";
"292";"U17 A";"DD";"16";"Tina Austnes (Kolvereid) / Tam Huynh (Sandefjord)";"17";"Charlotte Leinan (Mehamn) / Sigrid Elise Sund (Hamar)";"21/16 21/13";"16";
"293";"U15 A";"DD";"13";"Vilde Ekerhovd / Anne-Liv Lie (Sotra)";"14";"Henny Lyfjell (Frogner) / Rikke Karlsen (Moss)";"21/15 10/21 21/15";"14";
"294";"U15 A";"DD";"17";"Anna Øihusom / Tea Svelstad (Pillarguri)";"19";"Rakel Gundersen / Nora Jansson (Sandefjord)";"21/15 21/19";"17";
"295";"U15 A";"HD";"21";"Vebjørn Rønne (Leksvik) / Sebastian Bruu Ringdal (Sandefjord)";"23";"Nikolay Magnus Avenstroup / Christoffer Ripegutu (Kristiansand)";"21/13 21/13";"23";
"296";"U15 A";"DD";"1";"Frida Sotnes Hamang (Bærum) / Ronja H. Thorstensen (Moss)";"3";"Victoria Magelssen (Bærum) / Malin Holdbakk (Klæbu)";"21/7 21/7";"1";
"297";"U17 A";"DD";"21";"Marie Fiskum (Grong) / Nora Lindland (Sandefjord)";"23";"Kristina Dåsnes / Trine Wåland (Kristiansand)";"21/12 21/8";"23";
"298";"U15 A";"HD";"29";"Even Langås Kvam (Orkanger) / Morten Andre Skånøy Søraas (Rissa)";"30";"Simen Solberg (Grong) / Tony Yang (Trondheim)";"21/9 21/5";"30";
"299";"U15 A";"HD";"8";"Kasper Lyfjell (Frogner) / Hans-Christian Marthinsen (Moss)";"10";"Markus Barth (Bergen) / Magnus Torkildsen (Nøtterøy)";"21/15 16/21 21/15";"8";
"300";"U15 A";"HD";"13";"Mads Marum / Andreas Dåsnes (Kristiansand)";"14";"Kim Andre Amundsen (Berlevåg) / Ayan Bhart (Hadsel)";"21/16 21/14";"13";
"301";"U15 A";"HD";"1";"Karl Ødegård (Brodd) / Tobias Krømke (Sandefjord)";"3";"Jiawen Shi (Brodd) / Toheed Ahmed Saeed (Haugerud)";"21/13 21/16";"1";
"302";"U15 A";"DD";"4";"Lotte Eide / Vibeke Olsen (Kristiansand)";"7";"Julia Louis Macsali / Marita Hrannardottir Skeie (Bergen)";"17/21 21/16 21/13";"7";
"303";"U15 A";"DD";"8";"Ingrid Øgreid / Elisabeth Pape (Brodd)";"10";"Anne-Margrethe Ulla Staurset / Emma Søvik (Norborg)";"21/3 21/7";"8";
"304";"U15 A";"DD";"20";"Ingvild Håland / Elisa Z Johansen (Herøy)";"22";"Marie Christensen (Frogner) / Stine Andersen (Moss)";"21/8 21/4";"22";
"305";"U15 A";"DD";"24";"Ingrid Olsen (Norborg) / Bernadette Somoza (Ålesund)";"27";"Rikke Østhassel / Emma Wåland (Kristiansand)";"21/11 21/9";"27";
"306";"U15 A";"DD";"29";"Sophie Bergland (Bygdø) / Ingeborg Krogsæter (Karmøy)";"31";"Emilie Sotnes Hamang / Emilie Faarup Storvik (Bærum)";"21/9 21/17";"31";
"307";"U17 A";"MD";"34";"Marie Fiskum / Sverre Andreas Helland (Grong)";"38";"Robin Thorstensen / Marthe Skaug (Moss)";"21/11 21/14";"38";
"308";"U17 A";"HD";"1";"Peter Rønn Stensæth (Bygdø) / Vegard Rikheim (Frogner)";"3";"Erlend Lade Støylen / Glen Fylling (Ålesund)";"21/2 21/5";"1";
"309";"U17 A";"HD";"14";"Marius N. Hammeren (Berlevåg) / Lasse Nyheim (Hadsel)";"17";"Håkon Synnes Ytreland / Arild Mevatne (Karmøy)";"21/15 21/14";"17";
"310";"U17 A";"DD";"3";"Thea Alfredsen / Sofie Oshaug (Båtsfjord)";"5";"Cecilie Li (Haugerud) / Lovise Krogsæter (Karmøy)";"21/8 21/12";"5";
"311";"U17 A";"DD";"6";"Vilde Espeseth (Kirkenes) / Sophie Owen-Davies (Pillarguri)";"7";"Thea Zahl Thorsen / Silje Røgenes (Karmøy)";"21/5 21/8";"6";
"312";"U17 A";"DD";"9";"Karoline Holm Eriksen (Haugerud) / Marie Johansen (Nøtterøy)";"11";"Ingalill Mikalsen / Margarita Lyaskova (Kolvereid)";"21/17 21/16";"11";
"313";"U15 A";"HS";"12";"Sondre Sefland (Haugerud)";"13";"Sondre Hagen (Stavanger)";"21/18 21/17";"13";
"314";"U15 A";"HS";"24";"Danila Gataullin (Leksvik)";"25";"Bjørn Halvfstad (Haugerud)";"21/19 21/12";"24";
"315";"U15 A";"HS";"33";"Stig Erlend Reinseth (Haugerud)";"34";"Sander Espeseth (Ålesund)";"21/11 21/8";"34";
"316";"U15 A";"HS";"4";"Jan Kristian Eide (Pillarguri)";"7";"Olve Nes Kløvning (Bergen)";"21/6 21/12";"7";
"317";"U15 A";"HS";"39";"Ådne Strøm (Kolvereid)";"40";"Matius Wijaya (Moss)";"21/18 21/7";"40";
"318";"U17 A";"MD";"16";"Thomas Berge (Bygdø) / Trine Wåland (Kristiansand)";"18";"Tam Huynh / Peder Markus Runsjø (Sandefjord)";"21/18 21/16";"18";
"319";"U15 A";"HS";"5";"Joachim Skjønhaug (Bygdø)";"6";"Thomas Agung D. A. Thrane (Trondheim)";"21/5 21/6";"5";
"320";"U15 A";"HS";"9";"Dennis Andersen Moe (Sotra)";"10";"Tony Yang (Trondheim)";"21/9 21/3";"10";
"321";"U15 A";"HS";"21";"Erlend Stormo (Slagen)";"22";"Hans-Christian Marthinsen (Moss)";"21/3 21/7";"22";
"322";"U15 A";"HS";"2";"Nikolay Magnus Avenstroup (Kristiansand)";"3";"Tobias Krømke (Sandefjord)";"21/14 21/5";"3";
"323";"U15 A";"HS";"15";"Stian Otten (Brodd)";"16";"Anders Olsen (Kristiansand)";"23/21 21/13";"16";
"324";"U15 A";"HS";"18";"Christoffer Ripegutu (Kristiansand)";"19";"Jiawen Shi (Brodd)";"21/19 19/21 21/16";"19";
"325";"U15 A";"HS";"27";"Erlend Engesæter Bognøy (Sotra)";"28";"Andreas Dåsnes (Kristiansand)";"21/6 21/9";"28";
"326";"U15 A";"HS";"30";"Kim Andre Amundsen (Berlevåg)";"31";"Kasper Lyfjell (Frogner)";"21/9 21/12";"31";
"327";"U15 A";"HS";"36";"Markus Vegusdal (Kristiansand)";"37";"Morten Andre Skånøy Søraas (Rissa)";"21/23 21/8 21/9";"36";
"328";"U17 A";"DD";"1";"Linn Lilian Stenrud (Frogner) / Marthe Skaug (Moss)";"2";"Tuva Salvesen Johansen / Marlene Wåland (Kristiansand)";"21/23 21/17 21/14";"1";
"329";"U15 A";"HS";"42";"Keveen Kumar Balasingam (Bergen)";"43";"Simen Solberg (Grong)";"21/9 21/19";"43";
"330";"U15 A";"HS";"45";"Tobias Eriksen (Båtsfjord)";"46";"Casper Cappelen (Brodd)";"W.O.";"46";
"331";"U15 A";"HS";"48";"Petter Daleng (Haugerud)";"49";"Dusan Nicolik (Sotra)";"21/10 21/6";"49";
"332";"U17 A";"MD";"11";"Carl Christian Mork (Asker) / Vilde Espeseth (Kirkenes)";"13";"Cathrine Schanche (Berlevåg) / Lasse Nyheim (Hadsel)";"21/10 21/17";"11";
"333";"U17 A";"MD";"28";"Kristin Aven / Gjermund Hagen (Stavanger)";"32";"Vegard Rikheim (Frogner) / Charlotte Leinan (Mehamn)";"21/8 21/14";"32";
"334";"U17 A";"MD";"39";"Marita Janne Jelsma (Askøy) / Didrik Nagell Hansen (Stavanger)";"43";"Solvår S Flåten Jørgensen / Sturla F. Jørgensen (Karmøy)";"21/17 21/13";"43";
"335";"U15 A";"HS";"51";"Eivind Teigen (Pillarguri)";"52";"Mads Marum (Kristiansand)";"21/11 21/8";"52";
"336";"U15 A";"HS";"54";"Ørjan Strand (Ålesund)";"55";"Mikal Melhus Tøsse (Stavanger)";"18/21 21/12 21/18";"55";
"337";"U15 A";"HS";"57";"Jonas Tønnesen (Kristiansand)";"58";"Erlend Kruksve (Leksvik)";"21/13 21/11";"58";
"338";"U15 A";"HS";"60";"Mikkel F. Villanger (Trondheim)";"61";"Markus Barth (Bergen)";"21/7 21/8";"61";
"339";"U17 A";"HD";"4";"Oddbjørn Svinsås / Erlend With (Orkanger)";"5";"Robin Thorstensen / Filip Grøholt (Moss)";"21/4 21/7";"5";
"340";"U15 A";"HS";"66";"Sebastian Bruu Ringdal (Sandefjord)";"67";"Toheed Ahmed Saeed (Haugerud)";"21/11 21/13";"67";
"341";"U15 A";"HS";"69";"Erik S. Hulsund (Trondheim)";"70";"Karl Ødegård (Brodd)";"21/6 21/2";"70";
"342";"U15 A";"DS";"2";"Sandra Slinning Hasselø (Ålesund)";"3";"Emilie Sotnes Hamang (Bærum)";"21/4 21/6";"3";
"343";"U15 A";"DS";"5";"Malin Landro Olsen (Sotra)";"6";"Lotte Eide (Kristiansand)";"21/1 21/3";"6";
"344";"U15 A";"DS";"8";"Anne-Margrethe Ulla Staurset (Norborg)";"9";"Kristine Haakonseth (Sandefjord)";"21/7 21/8";"9";
"345";"U15 A";"DS";"11";"Synne Furnes Bjerkestrand (Djerv)";"12";"Helle Sofie Sagøy (Klæbu)";"21/17 21/23 21/19";"11";
"346";"U15 A";"DS";"14";"Sophie Bergland (Bygdø)";"15";"Pernille Ervik (Trondheim)";"21/6 21/2";"14";
"347";"U15 A";"DS";"17";"Ingvild Håland (Herøy)";"18";"Stine Andersen (Moss)";"21/6 21/7";"18";
"348";"U15 A";"DS";"19";"Henny Lyfjell (Frogner)";"22";"Vera Botcharova Ellingsen (Bergen)";"21/5 21/18";"22";
"349";"U17 A";"MD";"6";"Marlene Wåland (Kristiansand) / Edvard Rosenberg (Sandefjord)";"9";"Guro Olsen (Mehamn) / Andreas Gjerde (Sotra)";"21/6 21/5";"6";
"350";"U15 A";"DS";"20";"Emma Søvik (Norborg)";"21";"Rikke Østhassel (Kristiansand)";"21/1 21/8";"21";
"351";"U15 A";"DS";"24";"Malin Holdbakk (Klæbu)";"25";"Elisabeth Pape (Brodd)";"21/12 21/13";"25";
"352";"U15 A";"DS";"27";"Victoria Smestadmoen (Sandefjord)";"28";"Anne-Liv Lie (Sotra)";"21/2 21/4";"28";
"353";"U15 A";"DS";"30";"Jenny Aalberg (Leksvik)";"31";"Augusta Sverdrup Alfnes (Haugerud)";"18/21 24/22 21/14";"30";
"354";"U15 A";"DS";"33";"Ingrid Olsen (Norborg)";"34";"Ronja Owesen (Ålesund)";"21/10 21/10";"33";
"355";"U15 A";"DS";"36";"Ingeborg Krogsæter (Karmøy)";"37";"Ida Høyland W. (Haugesund)";"21/17 21/8";"37";
"356";"U15 A";"DS";"39";"Silje Lindseth (Sotra)";"40";"Marie Christensen (Frogner)";"21/2 21/3";"40";
"357";"U15 A";"DS";"42";"Malin Bjørkås (Trondheim)";"43";"Andrine Sandvær (Pillarguri)";"21/3 21/3";"43";
"358";"U15 A";"DS";"45";"Rakel Gundersen (Sandefjord)";"46";"Marita Hrannardottir Skeie (Bergen)";"21/10 21/12";"46";
"359";"U15 A";"DS";"48";"Bernadette Somoza (Ålesund)";"49";"Frida Sotnes Hamang (Bærum)";"21/5 21/0";"49";
"360";"U15 A";"HS";"63";"Marius N. Hammeren (Berlevåg)";"64";"Oddbjørn Svinsås (Orkanger)";"21/13 21/8";"63";
"361";"U15 A";"DS";"51";"Selma Sanyang (Djerv)";"52";"Vilde Ekerhovd (Sotra)";"21/10 18/21 21/15";"52";
"362";"U15 A";"DS";"54";"Elisa Z Johansen (Herøy)";"55";"Julia Louis Macsali (Bergen)";"21/9 21/10";"55";
"363";"U15 A";"DS";"57";"Ina Stenkjær (Leksvik)";"58";"Emilie Faarup Storvik (Bærum)";"21/2 21/7";"58";
"364";"U15 A";"DS";"60";"Nora Jansson (Sandefjord)";"61";"Ronja H. Thorstensen (Moss)";"21/18 21/4";"61";
"365";"U15 A";"DS";"63";"Tuva Bjørbekk (Norborg)";"64";"Christiane Dahl Nielsen (Brodd)";"21/1 21/2";"64";
"366";"U17 A";"HS";"2";"Stinius Kristoffersen (Hamar)";"3";"Peter Rønn Stensæth (Bygdø)";"21/6 21/1";"3";
"367";"U17 A";"HS";"8";"Sverre Andreas Helland (Grong)";"9";"Mattias Xu (Frogner)";"21/9 21/15";"9";
"368";"U17 A";"HS";"14";"Arild Mevatne (Karmøy)";"15";"Carl Christian Mork (Asker)";"21/11 21/9";"15";
"369";"U17 A";"HS";"17";"Andreas Haglund (Grimstad)";"18";"Sondre Børmark (Klæbu)";"21/13 21/12";"18";
"370";"U17 A";"HS";"5";"Filip Grøholt (Moss)";"6";"Michael Thunem (Rissa)";"21/2 21/11";"5";
"371";"U17 A";"HS";"11";"Håkon Synnes Ytreland (Karmøy)";"12";"Edvard Rosenberg (Sandefjord)";"21/16 19/21 21/9";"12";
"372";"U17 A";"HS";"20";"Kenneth Bjørkås Johnsen (Båtsfjord)";"21";"Torjus Flåtten (Pillarguri)";"21/7 21/2";"21";
"373";"U17 A";"HS";"22";"Gjermund Hagen (Stavanger)";"25";"Andreas Gjerde (Sotra)";"21/19 21/7";"22";
"374";"U17 A";"HS";"23";"Erlend With (Orkanger)";"24";"Jørgen Wold (Grong)";"W.O.";"24";
"375";"U17 A";"HS";"26";"Vebjørn Opem (Hamar)";"29";"Mats Nilsen (Ålesund)";"21/17 20/22 21/14";"26";
"376";"U17 A";"HS";"27";"Benjamin Falck (Grimstad)";"28";"Fredrik Skånøy (Rissa)";"21/13 15/21 21/16";"27";
"377";"U17 A";"HS";"31";"Håvard Haugen (Sotra)";"32";"Kjartan Salvesen (Pillarguri)";"21/6 21/4";"32";
"378";"U17 A";"HS";"34";"Robin Thorstensen (Moss)";"35";"Marius Solbakk (Ålesund)";"21/3 21/1";"34";
"379";"U17 A";"HS";"37";"Andreas Stenhaug (Stavanger)";"38";"Vegard Rikheim (Frogner)";"21/6 21/17";"38";
"380";"U17 A";"HS";"40";"Lasse Nyheim (Hadsel)";"41";"Aleksander Drzewiecki (Haugerud)";"21/12 20/22 21/16";"40";
"381";"U17 A";"HS";"43";"Kjetil Knutsen (Ålesund)";"44";"Thomas Berge (Bygdø)";"21/7 21/4";"44";
"382";"U17 A";"HS";"46";"Ivan Hegseth (Orkanger)";"47";"Kevin Axel Rønning (Pillarguri)";"21/8 21/10";"47";
"383";"U17 A";"HS";"49";"Erlend Dale (Ålesund)";"50";"Sturla F. Jørgensen (Karmøy)";"21/5 21/4";"50";
"384";"U17 A";"DS";"1";"Margarita Lyaskova (Kolvereid)";"4";"Linn Lilian Stenrud (Frogner)";"21/10 21/10";"4";
"385";"U17 A";"DS";"2";"Karoline Guldbjørnsen (Mehamn)";"3";"Cecilie Li (Haugerud)";"21/11 15/21 21/11";"3";
"386";"U17 A";"DS";"6";"Nora Lindland (Sandefjord)";"7";"Vilde Espeseth (Kirkenes)";"21/8 21/1";"7";
"387";"U17 A";"DS";"9";"Tuva Salvesen Johansen (Kristiansand)";"10";"Kristine Wallem (Stavanger)";"21/10 21/10";"9";
"388";"U17 A";"DS";"12";"Helene Rød Johansen (Sandefjord)";"13";"Camilla Stokkaunet (Rissa)";"21/18 21/7";"12";
"389";"U17 A";"DS";"15";"Veronica Rasmussen (Mehamn)";"16";"Silje Røgenes (Karmøy)";"W.O.";"16";
"390";"U17 A";"DS";"18";"Hildur Grann (Kirkenes)";"19";"Marlene Wåland (Kristiansand)";"21/4 21/6";"19";
"391";"U17 A";"DS";"21";"Cathrine Schanche (Berlevåg)";"22";"Amanda T. Bonesmo (Haugerud)";"21/19 21/16";"21";
"392";"U17 A";"DS";"23";"Marie Fiskum (Grong)";"26";"Charlotte Leinan (Mehamn)";"21/9 21/7";"26";
"393";"U17 A";"DS";"24";"Jarsica Sriskantharajah (Haugerud)";"25";"Nina F. Hansen (Berlevåg)";"21/10 21/6";"25";
"394";"U17 A";"DS";"28";"Ingalill Mikalsen (Kolvereid)";"29";"Solvår S Flåten Jørgensen (Karmøy)";"21/11 23/21";"29";
"395";"U17 A";"DS";"31";"Thea Zahl Thorsen (Karmøy)";"32";"Theepiga Makesan (Haugerud)";"21/9 21/7";"31";
"396";"U17 A";"DS";"34";"Ylva Rohde (Kirkenes)";"35";"Kristina Dåsnes (Kristiansand)";"21/4 21/9";"35";
"397";"U17 A";"DS";"37";"Tina Austnes (Kolvereid)";"38";"Marie Johansen (Nøtterøy)";"21/5 21/15";"37";
"398";"U17 A";"DS";"40";"Anja Sofie Martinussen (Mehamn)";"41";"Trine Wåland (Kristiansand)";"21/14 21/15";"41";
"399";"U17 A";"DS";"43";"Hanne Nesse (Karmøy)";"44";"Kristin Aven (Stavanger)";"21/11 21/12";"44";
"400";"U17 A";"DS";"46";"Karoline Holm Eriksen (Haugerud)";"47";"Marthe Skaug (Moss)";"21/8 21/9";"47";
"401";"U15 A";"MD";"1";"Christiane Dahl Nielsen / Karl Ødegård (Brodd)";"7";"Emilie Sotnes Hamang (Bærum) / Kasper Lyfjell (Frogner)";"21/16 15/21 21/15";"1";
"402";"U15 A";"MD";"13";"Emilie Faarup Storvik (Bærum) / Tony Yang (Trondheim)";"22";"Frida Sotnes Hamang (Bærum) / Toheed Ahmed Saeed (Haugerud)";"21/13 13/21 21/11";"22";
"403";"U15 A";"MD";"32";"Ingrid Øgreid (Brodd) / Hans-Christian Marthinsen (Moss)";"38";"Kristine Haakonseth / Tobias Krømke (Sandefjord)";"21/12 21/13";"38";
"404";"U15 A";"MD";"45";"Markus Barth / Vera Botcharova Ellingsen (Bergen)";"51";"Mads Marum / Lotte Eide (Kristiansand)";"21/6 21/14";"51";
"405";"U15 A";"HS";"11";"Håkon Rørstad (Rissa)";"14";"Joakim Haugebo (Grimstad)";"21/14 19/21 23/21";"14";
"406";"U15 A";"HS";"22";"Hans-Christian Marthinsen (Moss)";"24";"Danila Gataullin (Leksvik)";"21/11 21/9";"22";
"407";"U15 A";"HS";"31";"Kasper Lyfjell (Frogner)";"32";"Lars Kåre Gjønnes (Orkanger)";"21/7 21/7";"31";
"408";"U15 A";"HS";"36";"Markus Vegusdal (Kristiansand)";"40";"Matius Wijaya (Moss)";"21/14 21/11";"40";
"409";"U15 A";"HS";"46";"Casper Cappelen (Brodd)";"49";"Dusan Nicolik (Sotra)";"21/13 21/12";"49";
"410";"U15 A";"HS";"55";"Mikal Melhus Tøsse (Stavanger)";"58";"Erlend Kruksve (Leksvik)";"21/6 21/11";"58";
"411";"U17 A";"MD";"1";"Peter Rønn Stensæth (Bygdø) / Linn Lilian Stenrud (Frogner)";"6";"Marlene Wåland (Kristiansand) / Edvard Rosenberg (Sandefjord)";"21/17 21/17";"1";
"412";"U15 A";"HS";"63";"Marius N. Hammeren (Berlevåg)";"67";"Toheed Ahmed Saeed (Haugerud)";"21/11 21/17";"67";
"413";"U15 A";"DS";"11";"Synne Furnes Bjerkestrand (Djerv)";"14";"Sophie Bergland (Bygdø)";"21/17 21/17";"11";
"414";"U17 A";"MD";"24";"Torjus Flåtten / Sophie Owen-Davies (Pillarguri)";"32";"Vegard Rikheim (Frogner) / Charlotte Leinan (Mehamn)";"11/21 26/24 21/17";"24";
"415";"U15 A";"DS";"28";"Anne-Liv Lie (Sotra)";"29";"Victoria Magelssen (Bærum)";"21/14 21/15";"28";
"416";"U15 A";"DS";"32";"Andrea Løvold (Klæbu)";"35";"Emma Wåland (Kristiansand)";"21/14 21/15";"35";
"417";"U15 A";"DS";"41";"Ingrid Øgreid (Brodd)";"46";"Marita Hrannardottir Skeie (Bergen)";"21/10 17/21 21/15";"46";
"418";"U15 A";"DS";"52";"Vilde Ekerhovd (Sotra)";"55";"Julia Louis Macsali (Bergen)";"21/7 21/11";"55";
"419";"U17 A";"MD";"11";"Carl Christian Mork (Asker) / Vilde Espeseth (Kirkenes)";"18";"Tam Huynh / Peder Markus Runsjø (Sandefjord)";"21/18 21/19";"11";
"420";"U17 A";"HS";"3";"Peter Rønn Stensæth (Bygdø)";"5";"Filip Grøholt (Moss)";"21/19 17/21 21/17";"3";
"421";"U17 A";"MD";"38";"Robin Thorstensen / Marthe Skaug (Moss)";"43";"Solvår S Flåten Jørgensen / Sturla F. Jørgensen (Karmøy)";"22/20 16/21 26/24";"43";
"422";"U17 A";"HS";"9";"Mattias Xu (Frogner)";"12";"Edvard Rosenberg (Sandefjord)";"21/16 21/11";"9";
"423";"U17 A";"HS";"15";"Carl Christian Mork (Asker)";"18";"Sondre Børmark (Klæbu)";"21/12 21/16";"15";
"424";"U17 A";"HS";"21";"Torjus Flåtten (Pillarguri)";"22";"Gjermund Hagen (Stavanger)";"21/11 21/15";"21";
"425";"U17 A";"HS";"27";"Benjamin Falck (Grimstad)";"32";"Kjartan Salvesen (Pillarguri)";"21/8 21/6";"32";
"426";"U17 A";"HS";"34";"Robin Thorstensen (Moss)";"38";"Vegard Rikheim (Frogner)";"21/8 21/12";"38";
"427";"U17 A";"HS";"40";"Lasse Nyheim (Hadsel)";"42";"Peder Markus Runsjø (Sandefjord)";"21/12 21/11";"42";
"428";"U17 A";"HS";"47";"Kevin Axel Rønning (Pillarguri)";"50";"Sturla F. Jørgensen (Karmøy)";"21/11 21/19";"50";
"429";"U17 A";"DS";"7";"Vilde Espeseth (Kirkenes)";"9";"Tuva Salvesen Johansen (Kristiansand)";"21/9 21/13";"7";
"430";"U17 A";"DS";"11";"Marita Janne Jelsma (Askøy)";"14";"Sophie Owen-Davies (Pillarguri)";"21/11 21/5";"14";
"431";"U17 A";"DS";"19";"Marlene Wåland (Kristiansand)";"20";"Sara Hvidsten (Trondheim)";"19/21 21/15 21/12";"19";
"432";"U17 A";"DS";"26";"Charlotte Leinan (Mehamn)";"27";"Sigrid Elise Sund (Hamar)";"21/7 21/13";"26";
"433";"U17 A";"DS";"30";"Tam Huynh (Sandefjord)";"35";"Kristina Dåsnes (Kristiansand)";"21/16 21/10";"35";
"434";"U17 A";"DS";"37";"Tina Austnes (Kolvereid)";"41";"Trine Wåland (Kristiansand)";"23/21 22/20";"41";
"435";"U17 A";"DS";"42";"Guro Olsen (Mehamn)";"47";"Marthe Skaug (Moss)";"21/10 21/6";"47";
"436";"U15 A";"HD";"1";"Karl Ødegård (Brodd) / Tobias Krømke (Sandefjord)";"5";"Matius Wijaya (Moss) / Viktor P. Nordberg (Sandefjord)";"21/7 21/12";"1";
"437";"U15 A";"HD";"8";"Kasper Lyfjell (Frogner) / Hans-Christian Marthinsen (Moss)";"13";"Mads Marum / Andreas Dåsnes (Kristiansand)";"21/18 21/13";"13";
"438";"U15 A";"HD";"18";"Olve Nes Kløvning (Bergen) / Erlend Kruksve (Leksvik)";"23";"Nikolay Magnus Avenstroup / Christoffer Ripegutu (Kristiansand)";"21/14 21/8";"23";
"439";"U15 A";"HD";"25";"Jonas Tønnesen / Jonas Østhassel (Kristiansand)";"30";"Simen Solberg (Grong) / Tony Yang (Trondheim)";"21/10 21/13";"30";
"440";"U15 A";"DD";"1";"Frida Sotnes Hamang (Bærum) / Ronja H. Thorstensen (Moss)";"7";"Julia Louis Macsali / Marita Hrannardottir Skeie (Bergen)";"21/15 21/15";"1";
"441";"U15 A";"DD";"8";"Ingrid Øgreid / Elisabeth Pape (Brodd)";"14";"Henny Lyfjell (Frogner) / Rikke Karlsen (Moss)";"21/18 21/15";"8";
"442";"U15 A";"DD";"17";"Anna Øihusom / Tea Svelstad (Pillarguri)";"22";"Marie Christensen (Frogner) / Stine Andersen (Moss)";"21/7 21/5";"22";
"443";"U15 A";"DD";"27";"Rikke Østhassel / Emma Wåland (Kristiansand)";"31";"Emilie Sotnes Hamang / Emilie Faarup Storvik (Bærum)";"21/18 21/11";"31";
"444";"U17 A";"HD";"1";"Peter Rønn Stensæth (Bygdø) / Vegard Rikheim (Frogner)";"5";"Robin Thorstensen / Filip Grøholt (Moss)";"21/14 21/14";"1";
"445";"U17 A";"HD";"7";"Edvard Rosenberg / Peder Markus Runsjø (Sandefjord)";"10";"Kevin Axel Rønning (Pillarguri) / Andreas Stenhaug (Stavanger)";"21/17 24/22";"7";
"446";"U17 A";"HD";"17";"Håkon Synnes Ytreland / Arild Mevatne (Karmøy)";"20";"Kristian Gården / Kjartan Salvesen (Pillarguri)";"21/7 22/20";"20";
"447";"U17 A";"HD";"23";"Alexander G. Aurstad / Jørgen Wold (Grong)";"27";"Carl Christian Mork (Asker) / Sturla F. Jørgensen (Karmøy)";"21/9 21/11";"27";
"448";"U17 A";"DD";"1";"Linn Lilian Stenrud (Frogner) / Marthe Skaug (Moss)";"5";"Cecilie Li (Haugerud) / Lovise Krogsæter (Karmøy)";"21/7 21/13";"1";
"449";"U17 A";"DD";"6";"Vilde Espeseth (Kirkenes) / Sophie Owen-Davies (Pillarguri)";"11";"Ingalill Mikalsen / Margarita Lyaskova (Kolvereid)";"21/6 21/7";"6";
"450";"U17 A";"DD";"12";"Tonje Løslett / Helene Rød Johansen (Sandefjord)";"16";"Tina Austnes (Kolvereid) / Tam Huynh (Sandefjord)";"21/8 21/8";"16";
"451";"U17 A";"DD";"20";"Marita Janne Jelsma (Askøy) / Solvår S Flåten Jørgensen (Karmøy)";"23";"Kristina Dåsnes / Trine Wåland (Kristiansand)";"21/17 21/17";"20";
"452";"U15 A";"HS";"3";"Tobias Krømke (Sandefjord)";"7";"Olve Nes Kløvning (Bergen)";"21/11 21/11";"3";
"453";"U15 A";"HS";"10";"Tony Yang (Trondheim)";"14";"Joakim Haugebo (Grimstad)";"21/7 21/7";"10";
"454";"U15 A";"HS";"19";"Jiawen Shi (Brodd)";"22";"Hans-Christian Marthinsen (Moss)";"21/18 21/18";"19";
"455";"U15 A";"HS";"28";"Andreas Dåsnes (Kristiansand)";"31";"Kasper Lyfjell (Frogner)";"20/22 21/11 21/18";"31";
"456";"U15 A";"HS";"40";"Matius Wijaya (Moss)";"43";"Simen Solberg (Grong)";"21/15 22/20";"40";
"457";"U15 A";"HS";"49";"Dusan Nicolik (Sotra)";"52";"Mads Marum (Kristiansand)";"18/21 21/10 21/11";"52";
"458";"U15 A";"HS";"58";"Erlend Kruksve (Leksvik)";"61";"Markus Barth (Bergen)";"21/9 18/21 21/10";"61";
"459";"U15 A";"HS";"67";"Toheed Ahmed Saeed (Haugerud)";"70";"Karl Ødegård (Brodd)";"17/21 21/17 21/12";"70";
"460";"U15 A";"DS";"3";"Emilie Sotnes Hamang (Bærum)";"6";"Lotte Eide (Kristiansand)";"21/13 21/6";"3";
"461";"U15 A";"DS";"9";"Kristine Haakonseth (Sandefjord)";"11";"Synne Furnes Bjerkestrand (Djerv)";"21/8 21/9";"9";
"462";"U15 A";"DS";"18";"Stine Andersen (Moss)";"22";"Vera Botcharova Ellingsen (Bergen)";"23/21 20/22 21/19";"18";
"463";"U15 A";"DS";"25";"Elisabeth Pape (Brodd)";"28";"Anne-Liv Lie (Sotra)";"14/21 21/17 21/11";"28";
"464";"U15 A";"DS";"35";"Emma Wåland (Kristiansand)";"40";"Marie Christensen (Frogner)";"21/15 21/13";"40";
"465";"U15 A";"DS";"46";"Marita Hrannardottir Skeie (Bergen)";"49";"Frida Sotnes Hamang (Bærum)";"21/15 21/13";"49";
"466";"U15 A";"DS";"55";"Julia Louis Macsali (Bergen)";"58";"Emilie Faarup Storvik (Bærum)";"21/11 21/11";"58";
"467";"U15 A";"DS";"61";"Ronja H. Thorstensen (Moss)";"64";"Christiane Dahl Nielsen (Brodd)";"21/14 21/19";"64";
"468";"U17 A";"HS";"3";"Peter Rønn Stensæth (Bygdø)";"9";"Mattias Xu (Frogner)";"21/18 21/16";"3";
"469";"U17 A";"HS";"15";"Carl Christian Mork (Asker)";"21";"Torjus Flåtten (Pillarguri)";"21/19 21/13";"21";
"470";"U17 A";"HS";"32";"Kjartan Salvesen (Pillarguri)";"38";"Vegard Rikheim (Frogner)";"21/18 19/21 21/8";"38";
"471";"U17 A";"HS";"42";"Peder Markus Runsjø (Sandefjord)";"50";"Sturla F. Jørgensen (Karmøy)";"21/18 21/15";"50";
"472";"U17 A";"DS";"4";"Linn Lilian Stenrud (Frogner)";"7";"Vilde Espeseth (Kirkenes)";"21/14 16/21 21/15";"4";
"473";"U17 A";"DS";"14";"Sophie Owen-Davies (Pillarguri)";"19";"Marlene Wåland (Kristiansand)";"21/15 23/21";"14";
"474";"U17 A";"DS";"26";"Charlotte Leinan (Mehamn)";"35";"Kristina Dåsnes (Kristiansand)";"21/15 21/19";"26";
"475";"U17 A";"DS";"41";"Trine Wåland (Kristiansand)";"47";"Marthe Skaug (Moss)";"21/13 21/7";"47";
"476";"U15 A";"HS";"3";"Tobias Krømke (Sandefjord)";"10";"Tony Yang (Trondheim)";"21/9 21/4";"3";
"477";"U15 A";"HS";"19";"Jiawen Shi (Brodd)";"31";"Kasper Lyfjell (Frogner)";"21/15 21/13";"19";
"478";"U15 A";"HS";"40";"Matius Wijaya (Moss)";"52";"Mads Marum (Kristiansand)";"21/16 21/15";"40";
"479";"U15 A";"HS";"61";"Markus Barth (Bergen)";"70";"Karl Ødegård (Brodd)";"21/19 21/11";"70";
"480";"U15 A";"DS";"3";"Emilie Sotnes Hamang (Bærum)";"9";"Kristine Haakonseth (Sandefjord)";"24/26 21/10 21/18";"3";
"481";"U15 A";"DS";"18";"Stine Andersen (Moss)";"28";"Anne-Liv Lie (Sotra)";"21/12 21/15";"18";
"482";"U15 A";"DS";"40";"Marie Christensen (Frogner)";"49";"Frida Sotnes Hamang (Bærum)";"14/21 21/18 21/6";"40";
"483";"U15 A";"DS";"58";"Emilie Faarup Storvik (Bærum)";"64";"Christiane Dahl Nielsen (Brodd)";"21/11 17/21 21/6";"64";
"484";"U15 A";"HS";"3";"Tobias Krømke (Sandefjord)";"19";"Jiawen Shi (Brodd)";"21/7 21/6";"3";
"485";"U15 A";"HS";"40";"Matius Wijaya (Moss)";"70";"Karl Ødegård (Brodd)";"21/7 21/18";"70";
"486";"U15 A";"DS";"3";"Emilie Sotnes Hamang (Bærum)";"18";"Stine Andersen (Moss)";"21/14 21/16";"3";
"487";"U15 A";"DS";"40";"Marie Christensen (Frogner)";"64";"Christiane Dahl Nielsen (Brodd)";"21/12 21/13";"40";
"488";"U17 A";"HS";"3";"Peter Rønn Stensæth (Bygdø)";"21";"Torjus Flåtten (Pillarguri)";"21/16 20/22 21/9";"3";
"489";"U17 A";"HS";"38";"Vegard Rikheim (Frogner)";"50";"Sturla F. Jørgensen (Karmøy)";"21/16 21/11";"38";
"490";"U17 A";"DS";"4";"Linn Lilian Stenrud (Frogner)";"14";"Sophie Owen-Davies (Pillarguri)";"21/15 21/11";"14";
"491";"U17 A";"DS";"26";"Charlotte Leinan (Mehamn)";"47";"Marthe Skaug (Moss)";"21/19 22/24 21/16";"47";
"492";"U15 A";"HD";"1";"Karl Ødegård (Brodd) / Tobias Krømke (Sandefjord)";"13";"Mads Marum / Andreas Dåsnes (Kristiansand)";"21/9 21/10";"1";
"493";"U15 A";"HD";"23";"Nikolay Magnus Avenstroup / Christoffer Ripegutu (Kristiansand)";"30";"Simen Solberg (Grong) / Tony Yang (Trondheim)";"21/15 19/21 21/16";"30";
"494";"U15 A";"DD";"1";"Frida Sotnes Hamang (Bærum) / Ronja H. Thorstensen (Moss)";"8";"Ingrid Øgreid / Elisabeth Pape (Brodd)";"21/13 21/13";"1";
"495";"U15 A";"DD";"22";"Marie Christensen (Frogner) / Stine Andersen (Moss)";"31";"Emilie Sotnes Hamang / Emilie Faarup Storvik (Bærum)";"14/21 22/20 21/17";"22";
"496";"U17 A";"HD";"1";"Peter Rønn Stensæth (Bygdø) / Vegard Rikheim (Frogner)";"7";"Edvard Rosenberg / Peder Markus Runsjø (Sandefjord)";"19/21 21/19 21/15";"1";
"497";"U17 A";"HD";"20";"Kristian Gården / Kjartan Salvesen (Pillarguri)";"27";"Carl Christian Mork (Asker) / Sturla F. Jørgensen (Karmøy)";"21/12 21/10";"27";
"498";"U17 A";"DD";"1";"Linn Lilian Stenrud (Frogner) / Marthe Skaug (Moss)";"6";"Vilde Espeseth (Kirkenes) / Sophie Owen-Davies (Pillarguri)";"16/21 21/12 21/15";"6";
"499";"U17 A";"DD";"16";"Tina Austnes (Kolvereid) / Tam Huynh (Sandefjord)";"20";"Marita Janne Jelsma (Askøy) / Solvår S Flåten Jørgensen (Karmøy)";"21/14 21/18";"20";
"500";"U15 A";"MD";"1";"Christiane Dahl Nielsen / Karl Ødegård (Brodd)";"22";"Frida Sotnes Hamang (Bærum) / Toheed Ahmed Saeed (Haugerud)";"17/21 21/12 21/8";"1";
"501";"U15 A";"MD";"38";"Kristine Haakonseth / Tobias Krømke (Sandefjord)";"51";"Mads Marum / Lotte Eide (Kristiansand)";"21/9 15/21 21/19";"51";
"502";"U17 A";"MD";"1";"Peter Rønn Stensæth (Bygdø) / Linn Lilian Stenrud (Frogner)";"11";"Carl Christian Mork (Asker) / Vilde Espeseth (Kirkenes)";"21/17 22/20";"1";
"503";"U17 A";"MD";"24";"Torjus Flåtten / Sophie Owen-Davies (Pillarguri)";"43";"Solvår S Flåten Jørgensen / Sturla F. Jørgensen (Karmøy)";"21/19 9/21 25/23";"24";
"504";"U15 A";"HS";"3";"Tobias Krømke (Sandefjord)";"70";"Karl Ødegård (Brodd)";"21/13 21/15";"3";
"505";"U15 A";"DS";"3";"Emilie Sotnes Hamang (Bærum)";"40";"Marie Christensen (Frogner)";"21/18 21/9";"3";
"506";"U17 A";"HS";"3";"Peter Rønn Stensæth (Bygdø)";"38";"Vegard Rikheim (Frogner)";"21/16 21/19";"38";
"507";"U17 A";"DS";"14";"Sophie Owen-Davies (Pillarguri)";"47";"Marthe Skaug (Moss)";"10/21 21/11 21/17";"14";
"508";"U15 A";"HD";"1";"Karl Ødegård (Brodd) / Tobias Krømke (Sandefjord)";"30";"Simen Solberg (Grong) / Tony Yang (Trondheim)";"22/20 21/19";"30";
"509";"U15 A";"DD";"1";"Frida Sotnes Hamang (Bærum) / Ronja H. Thorstensen (Moss)";"22";"Marie Christensen (Frogner) / Stine Andersen (Moss)";"21/14 21/13";"22";
"510";"U17 A";"HD";"1";"Peter Rønn Stensæth (Bygdø) / Vegard Rikheim (Frogner)";"27";"Carl Christian Mork (Asker) / Sturla F. Jørgensen (Karmøy)";"28/26 21/19";"1";
"511";"U17 A";"DD";"6";"Vilde Espeseth (Kirkenes) / Sophie Owen-Davies (Pillarguri)";"20";"Marita Janne Jelsma (Askøy) / Solvår S Flåten Jørgensen (Karmøy)";"16/21 21/9 21/10";"6";
"512";"U15 A";"MD";"1";"Christiane Dahl Nielsen / Karl Ødegård (Brodd)";"51";"Mads Marum / Lotte Eide (Kristiansand)";"21/18 21/18";"51";
"513";"U17 A";"MD";"1";"Peter Rønn Stensæth (Bygdø) / Linn Lilian Stenrud (Frogner)";"24";"Torjus Flåtten / Sophie Owen-Davies (Pillarguri)";"21/13 21/8";"1";
